NCTId,gpt4o_zs_gen_scores,gpt4o_ts_gen_scores,llama3_70b_it_zs_gen_scores,llama3_70b_it_ts_gen_scores
NCT00000620,nan,nan,nan,nan
NCT00126737,"{""precision"": 0.3333333333333333, ""recall"": 0.25, ""f1"": 0.28571428571428575}","{""precision"": 0.1, ""recall"": 0.16666666666666666, ""f1"": 0.125}","{""precision"": 0.18181818181818182, ""recall"": 0.16666666666666666, ""f1"": 0.17391304347826086}","{""precision"": 0.25, ""recall"": 0.25, ""f1"": 0.25}"
NCT00283686,"{""precision"": 0.09523809523809523, ""recall"": 0.05263157894736842, ""f1"": 0.06779661016949153}","{""precision"": 0.2631578947368421, ""recall"": 0.13157894736842105, ""f1"": 0.17543859649122803}","{""precision"": 0.3125, ""recall"": 0.13157894736842105, ""f1"": 0.18518518518518517}","{""precision"": 0.2, ""recall"": 0.10526315789473684, ""f1"": 0.13793103448275862}"
NCT00329030,"{""precision"": 0.13043478260869565, ""recall"": 0.375, ""f1"": 0.19354838709677416}","{""precision"": 0.25, ""recall"": 0.5, ""f1"": 0.3333333333333333}","{""precision"": 0.2, ""recall"": 0.5, ""f1"": 0.28571428571428575}","{""precision"": 0.3125, ""recall"": 0.625, ""f1"": 0.4166666666666667}"
NCT00360334,"{""precision"": 0.4, ""recall"": 0.6666666666666666, ""f1"": 0.5}","{""precision"": 0.3684210526315789, ""recall"": 0.7777777777777778, ""f1"": 0.5}","{""precision"": 0.4, ""recall"": 0.6666666666666666, ""f1"": 0.5}","{""precision"": 0.3, ""recall"": 0.6666666666666666, ""f1"": 0.41379310344827586}"
NCT00395746,"{""precision"": 0.3333333333333333, ""recall"": 1.0, ""f1"": 0.5}","{""precision"": 0.2777777777777778, ""recall"": 1.0, ""f1"": 0.4347826086956522}","{""precision"": 0.3076923076923077, ""recall"": 0.8, ""f1"": 0.4444444444444444}","{""precision"": 0.38461538461538464, ""recall"": 1.0, ""f1"": 0.5555555555555556}"
NCT00419562,"{""precision"": 0.21428571428571427, ""recall"": 0.3, ""f1"": 0.25}","{""precision"": 0.3125, ""recall"": 0.5, ""f1"": 0.38461538461538464}","{""precision"": 0.25, ""recall"": 0.3, ""f1"": 0.2727272727272727}","{""precision"": 0.2727272727272727, ""recall"": 0.3, ""f1"": 0.28571428571428564}"
NCT00441064,"{""precision"": 0.3, ""recall"": 0.23076923076923078, ""f1"": 0.2608695652173913}","{""precision"": 0.3, ""recall"": 0.46153846153846156, ""f1"": 0.3636363636363637}","{""precision"": 0.23076923076923078, ""recall"": 0.23076923076923078, ""f1"": 0.23076923076923078}","{""precision"": 0.3125, ""recall"": 0.38461538461538464, ""f1"": 0.3448275862068966}"
NCT00490529,"{""precision"": 0.10526315789473684, ""recall"": 0.25, ""f1"": 0.14814814814814814}","{""precision"": 0.13333333333333333, ""recall"": 0.25, ""f1"": 0.1739130434782609}","{""precision"": 0.15384615384615385, ""recall"": 0.25, ""f1"": 0.1904761904761905}","{""precision"": 0.2, ""recall"": 0.375, ""f1"": 0.26086956521739135}"
NCT00552409,"{""precision"": 0.14285714285714285, ""recall"": 0.25, ""f1"": 0.18181818181818182}","{""precision"": 0.3125, ""recall"": 0.625, ""f1"": 0.4166666666666667}","{""precision"": 0.26666666666666666, ""recall"": 0.5, ""f1"": 0.3478260869565218}","{""precision"": 0.3333333333333333, ""recall"": 0.625, ""f1"": 0.43478260869565216}"
NCT00556933,"{""precision"": 0.2222222222222222, ""recall"": 0.18181818181818182, ""f1"": 0.19999999999999998}","{""precision"": 0.17391304347826086, ""recall"": 0.18181818181818182, ""f1"": 0.17777777777777776}","{""precision"": 0.2, ""recall"": 0.13636363636363635, ""f1"": 0.16216216216216214}","{""precision"": 0.23529411764705882, ""recall"": 0.18181818181818182, ""f1"": 0.20512820512820512}"
NCT00568178,"{""precision"": 0.2857142857142857, ""recall"": 0.3333333333333333, ""f1"": 0.30769230769230765}","{""precision"": 0.375, ""recall"": 0.5, ""f1"": 0.42857142857142855}","{""precision"": 0.4, ""recall"": 0.5, ""f1"": 0.4444444444444445}","{""precision"": 0.42857142857142855, ""recall"": 0.5, ""f1"": 0.4615384615384615}"
NCT00618072,"{""precision"": 0.3333333333333333, ""recall"": 0.2222222222222222, ""f1"": 0.26666666666666666}","{""precision"": 0.38095238095238093, ""recall"": 0.4444444444444444, ""f1"": 0.41025641025641024}","{""precision"": 0.2777777777777778, ""recall"": 0.2777777777777778, ""f1"": 0.2777777777777778}","{""precision"": 0.6111111111111112, ""recall"": 0.6111111111111112, ""f1"": 0.6111111111111112}"
NCT00713830,"{""precision"": 0.1724137931034483, ""recall"": 0.3125, ""f1"": 0.22222222222222224}","{""precision"": 0.3684210526315789, ""recall"": 0.4375, ""f1"": 0.39999999999999997}","{""precision"": 0.4117647058823529, ""recall"": 0.4375, ""f1"": 0.42424242424242425}","{""precision"": 0.4117647058823529, ""recall"": 0.4375, ""f1"": 0.42424242424242425}"
NCT00751114,"{""precision"": 0.4, ""recall"": 0.36363636363636365, ""f1"": 0.380952380952381}","{""precision"": 0.45, ""recall"": 0.4090909090909091, ""f1"": 0.4285714285714286}","{""precision"": 0.42857142857142855, ""recall"": 0.2727272727272727, ""f1"": 0.33333333333333326}","{""precision"": 0.42857142857142855, ""recall"": 0.2727272727272727, ""f1"": 0.33333333333333326}"
NCT00781937,"{""precision"": 0.0625, ""recall"": 0.125, ""f1"": 0.08333333333333333}","{""precision"": 0.17391304347826086, ""recall"": 0.5, ""f1"": 0.25806451612903225}","{""precision"": 0.2727272727272727, ""recall"": 0.75, ""f1"": 0.39999999999999997}","{""precision"": 0.2222222222222222, ""recall"": 0.5, ""f1"": 0.30769230769230765}"
NCT00791479,"{""precision"": 0.3888888888888889, ""recall"": 0.7, ""f1"": 0.5}","{""precision"": 0.4117647058823529, ""recall"": 0.7, ""f1"": 0.5185185185185185}","{""precision"": 0.47058823529411764, ""recall"": 0.8, ""f1"": 0.5925925925925927}","{""precision"": 0.42105263157894735, ""recall"": 0.8, ""f1"": 0.5517241379310345}"
NCT00793455,"{""precision"": 0.25, ""recall"": 0.7142857142857143, ""f1"": 0.37037037037037035}","{""precision"": 0.26666666666666666, ""recall"": 0.5714285714285714, ""f1"": 0.36363636363636365}","{""precision"": 0.15384615384615385, ""recall"": 0.2857142857142857, ""f1"": 0.2}","{""precision"": 0.2727272727272727, ""recall"": 0.42857142857142855, ""f1"": 0.33333333333333326}"
NCT00819182,"{""precision"": 0.35714285714285715, ""recall"": 0.25, ""f1"": 0.2941176470588235}","{""precision"": 0.4, ""recall"": 0.3, ""f1"": 0.34285714285714286}","{""precision"": 0.5263157894736842, ""recall"": 0.5, ""f1"": 0.5128205128205129}","{""precision"": 0.5714285714285714, ""recall"": 0.4, ""f1"": 0.47058823529411764}"
NCT00863746,"{""precision"": 0.15789473684210525, ""recall"": 0.375, ""f1"": 0.22222222222222218}","{""precision"": 0.15789473684210525, ""recall"": 0.375, ""f1"": 0.22222222222222218}","{""precision"": 0.17647058823529413, ""recall"": 0.375, ""f1"": 0.24}","{""precision"": 0.1875, ""recall"": 0.375, ""f1"": 0.25}"
NCT00896181,"{""precision"": 0.16666666666666666, ""recall"": 0.5, ""f1"": 0.25}","{""precision"": 0.17647058823529413, ""recall"": 0.5, ""f1"": 0.2608695652173913}","{""precision"": 0.13636363636363635, ""recall"": 0.5, ""f1"": 0.21428571428571427}","{""precision"": 0.17647058823529413, ""recall"": 0.5, ""f1"": 0.2608695652173913}"
NCT00917267,"{""precision"": 0.38461538461538464, ""recall"": 0.625, ""f1"": 0.4761904761904762}","{""precision"": 0.3333333333333333, ""recall"": 0.75, ""f1"": 0.46153846153846156}","{""precision"": 0.2777777777777778, ""recall"": 0.625, ""f1"": 0.3846153846153846}","{""precision"": 0.3333333333333333, ""recall"": 0.75, ""f1"": 0.46153846153846156}"
NCT00949884,"{""precision"": 0.18518518518518517, ""recall"": 0.5555555555555556, ""f1"": 0.2777777777777778}","{""precision"": 0.3684210526315789, ""recall"": 0.7777777777777778, ""f1"": 0.5}","{""precision"": 0.46153846153846156, ""recall"": 0.6666666666666666, ""f1"": 0.5454545454545455}","{""precision"": 0.42857142857142855, ""recall"": 0.6666666666666666, ""f1"": 0.5217391304347826}"
NCT00962247,"{""precision"": 0.42857142857142855, ""recall"": 0.42857142857142855, ""f1"": 0.42857142857142855}","{""precision"": 0.15789473684210525, ""recall"": 0.42857142857142855, ""f1"": 0.23076923076923078}","{""precision"": 0.2727272727272727, ""recall"": 0.42857142857142855, ""f1"": 0.33333333333333326}","{""precision"": 0.2, ""recall"": 0.42857142857142855, ""f1"": 0.27272727272727276}"
NCT00967668,"{""precision"": 0.25, ""recall"": 0.375, ""f1"": 0.3}","{""precision"": 0.25, ""recall"": 0.5, ""f1"": 0.3333333333333333}","{""precision"": 0.2857142857142857, ""recall"": 0.5, ""f1"": 0.36363636363636365}","{""precision"": 0.2, ""recall"": 0.375, ""f1"": 0.26086956521739135}"
NCT01000480,"{""precision"": 0.13793103448275862, ""recall"": 0.5, ""f1"": 0.2162162162162162}","{""precision"": 0.23076923076923078, ""recall"": 0.75, ""f1"": 0.3529411764705882}","{""precision"": 0.26666666666666666, ""recall"": 0.5, ""f1"": 0.3478260869565218}","{""precision"": 0.2, ""recall"": 0.625, ""f1"": 0.30303030303030304}"
NCT01031680,"{""precision"": 0.2, ""recall"": 0.17647058823529413, ""f1"": 0.18750000000000003}","{""precision"": 0.3125, ""recall"": 0.29411764705882354, ""f1"": 0.30303030303030304}","{""precision"": 0.23529411764705882, ""recall"": 0.23529411764705882, ""f1"": 0.23529411764705882}","{""precision"": 0.3125, ""recall"": 0.29411764705882354, ""f1"": 0.30303030303030304}"
NCT01101880,"{""precision"": 0.125, ""recall"": 0.25, ""f1"": 0.16666666666666666}","{""precision"": 0.125, ""recall"": 0.25, ""f1"": 0.16666666666666666}","{""precision"": 0.125, ""recall"": 0.25, ""f1"": 0.16666666666666666}","{""precision"": 0.06666666666666667, ""recall"": 0.125, ""f1"": 0.08695652173913045}"
NCT01279109,"{""precision"": 0.25, ""recall"": 0.16666666666666666, ""f1"": 0.2}","{""precision"": 0.36363636363636365, ""recall"": 0.3333333333333333, ""f1"": 0.34782608695652173}","{""precision"": 0.3125, ""recall"": 0.4166666666666667, ""f1"": 0.35714285714285715}","{""precision"": 0.23809523809523808, ""recall"": 0.4166666666666667, ""f1"": 0.30303030303030304}"
NCT01357551,"{""precision"": 0.2, ""recall"": 0.21052631578947367, ""f1"": 0.20512820512820512}","{""precision"": 0.25, ""recall"": 0.2631578947368421, ""f1"": 0.25641025641025644}","{""precision"": 0.3157894736842105, ""recall"": 0.3157894736842105, ""f1"": 0.3157894736842105}","{""precision"": 0.4, ""recall"": 0.42105263157894735, ""f1"": 0.41025641025641024}"
NCT01435603,"{""precision"": 0.2, ""recall"": 0.25, ""f1"": 0.22222222222222224}","{""precision"": 0.42105263157894735, ""recall"": 0.5, ""f1"": 0.45714285714285713}","{""precision"": 0.3888888888888889, ""recall"": 0.4375, ""f1"": 0.411764705882353}","{""precision"": 0.45, ""recall"": 0.5625, ""f1"": 0.5}"
NCT01441973,"{""precision"": 0.4, ""recall"": 0.36363636363636365, ""f1"": 0.380952380952381}","{""precision"": 0.25, ""recall"": 0.2727272727272727, ""f1"": 0.2608695652173913}","{""precision"": 0.3333333333333333, ""recall"": 0.36363636363636365, ""f1"": 0.34782608695652173}","{""precision"": 0.18181818181818182, ""recall"": 0.18181818181818182, ""f1"": 0.18181818181818182}"
NCT01483560,nan,nan,nan,nan
NCT01484873,"{""precision"": 0.2222222222222222, ""recall"": 0.3333333333333333, ""f1"": 0.26666666666666666}","{""precision"": 0.23529411764705882, ""recall"": 0.3333333333333333, ""f1"": 0.27586206896551724}","{""precision"": 0.3125, ""recall"": 0.4166666666666667, ""f1"": 0.35714285714285715}","{""precision"": 0.2, ""recall"": 0.4166666666666667, ""f1"": 0.2702702702702703}"
NCT01496469,"{""precision"": 0.375, ""recall"": 0.46153846153846156, ""f1"": 0.41379310344827586}","{""precision"": 0.4, ""recall"": 0.46153846153846156, ""f1"": 0.42857142857142855}","{""precision"": 0.375, ""recall"": 0.46153846153846156, ""f1"": 0.41379310344827586}","{""precision"": 0.375, ""recall"": 0.46153846153846156, ""f1"": 0.41379310344827586}"
NCT01574157,"{""precision"": 0.47058823529411764, ""recall"": 0.36363636363636365, ""f1"": 0.41025641025641024}","{""precision"": 0.4666666666666667, ""recall"": 0.3181818181818182, ""f1"": 0.3783783783783784}","{""precision"": 0.5333333333333333, ""recall"": 0.36363636363636365, ""f1"": 0.43243243243243246}","{""precision"": 0.47058823529411764, ""recall"": 0.36363636363636365, ""f1"": 0.41025641025641024}"
NCT01592695,"{""precision"": 0.42857142857142855, ""recall"": 0.35294117647058826, ""f1"": 0.3870967741935484}","{""precision"": 0.4117647058823529, ""recall"": 0.4117647058823529, ""f1"": 0.4117647058823529}","{""precision"": 0.42105263157894735, ""recall"": 0.47058823529411764, ""f1"": 0.4444444444444444}","{""precision"": 0.5, ""recall"": 0.47058823529411764, ""f1"": 0.48484848484848486}"
NCT01621178,"{""precision"": 0.5, ""recall"": 0.5, ""f1"": 0.5}","{""precision"": 0.5555555555555556, ""recall"": 0.7142857142857143, ""f1"": 0.6250000000000001}","{""precision"": 0.6428571428571429, ""recall"": 0.6428571428571429, ""f1"": 0.6428571428571429}","{""precision"": 0.5294117647058824, ""recall"": 0.6428571428571429, ""f1"": 0.5806451612903226}"
NCT01652729,"{""precision"": 0.2777777777777778, ""recall"": 0.38461538461538464, ""f1"": 0.3225806451612903}","{""precision"": 0.42105263157894735, ""recall"": 0.6153846153846154, ""f1"": 0.5}","{""precision"": 0.375, ""recall"": 0.46153846153846156, ""f1"": 0.41379310344827586}","{""precision"": 0.4666666666666667, ""recall"": 0.5384615384615384, ""f1"": 0.5}"
NCT01676220,"{""precision"": 0.4, ""recall"": 0.5454545454545454, ""f1"": 0.4615384615384615}","{""precision"": 0.42105263157894735, ""recall"": 0.7272727272727273, ""f1"": 0.5333333333333333}","{""precision"": 0.5, ""recall"": 0.5454545454545454, ""f1"": 0.5217391304347826}","{""precision"": 0.35714285714285715, ""recall"": 0.45454545454545453, ""f1"": 0.4}"
NCT01686828,"{""precision"": 0.21052631578947367, ""recall"": 0.21052631578947367, ""f1"": 0.21052631578947367}","{""precision"": 0.30434782608695654, ""recall"": 0.3684210526315789, ""f1"": 0.3333333333333333}","{""precision"": 0.23529411764705882, ""recall"": 0.21052631578947367, ""f1"": 0.2222222222222222}","{""precision"": 0.42857142857142855, ""recall"": 0.3157894736842105, ""f1"": 0.36363636363636365}"
NCT01757847,"{""precision"": 0.2857142857142857, ""recall"": 0.3333333333333333, ""f1"": 0.30769230769230765}","{""precision"": 0.3684210526315789, ""recall"": 0.5833333333333334, ""f1"": 0.4516129032258065}","{""precision"": 0.4, ""recall"": 0.5, ""f1"": 0.4444444444444445}","{""precision"": 0.3684210526315789, ""recall"": 0.5833333333333334, ""f1"": 0.4516129032258065}"
NCT01760239,"{""precision"": 0.2857142857142857, ""recall"": 0.4, ""f1"": 0.3333333333333333}","{""precision"": 0.3333333333333333, ""recall"": 0.5, ""f1"": 0.4}","{""precision"": 0.3333333333333333, ""recall"": 0.4, ""f1"": 0.3636363636363636}","{""precision"": 0.3125, ""recall"": 0.5, ""f1"": 0.38461538461538464}"
NCT01767155,"{""precision"": 0.11538461538461539, ""recall"": 0.3, ""f1"": 0.16666666666666669}","{""precision"": 0.17647058823529413, ""recall"": 0.3, ""f1"": 0.22222222222222224}","{""precision"": 0.14285714285714285, ""recall"": 0.2, ""f1"": 0.16666666666666666}","{""precision"": 0.10526315789473684, ""recall"": 0.2, ""f1"": 0.13793103448275862}"
NCT01768637,"{""precision"": 0.3888888888888889, ""recall"": 0.25, ""f1"": 0.30434782608695654}","{""precision"": 0.3684210526315789, ""recall"": 0.25, ""f1"": 0.2978723404255319}","{""precision"": 0.375, ""recall"": 0.21428571428571427, ""f1"": 0.2727272727272727}","{""precision"": 0.3125, ""recall"": 0.17857142857142858, ""f1"": 0.22727272727272727}"
NCT01785849,"{""precision"": 0.2857142857142857, ""recall"": 0.4, ""f1"": 0.3333333333333333}","{""precision"": 0.47368421052631576, ""recall"": 0.6, ""f1"": 0.5294117647058824}","{""precision"": 0.4, ""recall"": 0.4, ""f1"": 0.4000000000000001}","{""precision"": 0.5714285714285714, ""recall"": 0.5333333333333333, ""f1"": 0.5517241379310344}"
NCT01821352,"{""precision"": 0.2, ""recall"": 0.6, ""f1"": 0.3}","{""precision"": 0.2857142857142857, ""recall"": 0.8, ""f1"": 0.4210526315789473}","{""precision"": 0.21428571428571427, ""recall"": 0.6, ""f1"": 0.3157894736842105}","{""precision"": 0.2857142857142857, ""recall"": 0.8, ""f1"": 0.4210526315789473}"
NCT01862796,"{""precision"": 0.25, ""recall"": 0.38461538461538464, ""f1"": 0.30303030303030304}","{""precision"": 0.3181818181818182, ""recall"": 0.5384615384615384, ""f1"": 0.39999999999999997}","{""precision"": 0.2631578947368421, ""recall"": 0.38461538461538464, ""f1"": 0.3125}","{""precision"": 0.2916666666666667, ""recall"": 0.5384615384615384, ""f1"": 0.3783783783783784}"
NCT01973972,"{""precision"": 0.1875, ""recall"": 0.3, ""f1"": 0.23076923076923075}","{""precision"": 0.26666666666666666, ""recall"": 0.4, ""f1"": 0.32}","{""precision"": 0.26666666666666666, ""recall"": 0.4, ""f1"": 0.32}","{""precision"": 0.23529411764705882, ""recall"": 0.4, ""f1"": 0.29629629629629634}"
NCT01986881,"{""precision"": 0.3888888888888889, ""recall"": 0.35, ""f1"": 0.36842105263157887}","{""precision"": 0.4, ""recall"": 0.3, ""f1"": 0.34285714285714286}","{""precision"": 0.4375, ""recall"": 0.35, ""f1"": 0.38888888888888884}","{""precision"": 0.5238095238095238, ""recall"": 0.55, ""f1"": 0.5365853658536585}"
NCT02003963,"{""precision"": 0.125, ""recall"": 0.07407407407407407, ""f1"": 0.09302325581395349}","{""precision"": 0.35294117647058826, ""recall"": 0.2222222222222222, ""f1"": 0.27272727272727276}","{""precision"": 0.2, ""recall"": 0.1111111111111111, ""f1"": 0.14285714285714285}","{""precision"": 0.35714285714285715, ""recall"": 0.18518518518518517, ""f1"": 0.24390243902439024}"
NCT02008682,"{""precision"": 0.3333333333333333, ""recall"": 0.5555555555555556, ""f1"": 0.4166666666666667}","{""precision"": 0.3157894736842105, ""recall"": 0.6666666666666666, ""f1"": 0.42857142857142855}","{""precision"": 0.4166666666666667, ""recall"": 0.5555555555555556, ""f1"": 0.4761904761904762}","{""precision"": 0.29411764705882354, ""recall"": 0.5555555555555556, ""f1"": 0.3846153846153846}"
NCT02038179,"{""precision"": 0.2222222222222222, ""recall"": 0.8, ""f1"": 0.3478260869565218}","{""precision"": 0.3076923076923077, ""recall"": 0.8, ""f1"": 0.4444444444444444}","{""precision"": 0.2, ""recall"": 0.6, ""f1"": 0.3}","{""precision"": 0.21428571428571427, ""recall"": 0.6, ""f1"": 0.3157894736842105}"
NCT02109029,"{""precision"": 0.46153846153846156, ""recall"": 0.8571428571428571, ""f1"": 0.6}","{""precision"": 0.42857142857142855, ""recall"": 0.8571428571428571, ""f1"": 0.5714285714285714}","{""precision"": 0.5, ""recall"": 0.8571428571428571, ""f1"": 0.631578947368421}","{""precision"": 0.5, ""recall"": 1.0, ""f1"": 0.6666666666666666}"
NCT02111980,"{""precision"": 0.1111111111111111, ""recall"": 0.25, ""f1"": 0.15384615384615383}","{""precision"": 0.13793103448275862, ""recall"": 0.5, ""f1"": 0.2162162162162162}","{""precision"": 0.21428571428571427, ""recall"": 0.375, ""f1"": 0.2727272727272727}","{""precision"": 0.25, ""recall"": 0.375, ""f1"": 0.3}"
NCT02137512,"{""precision"": 0.16, ""recall"": 0.5, ""f1"": 0.24242424242424243}","{""precision"": 0.16, ""recall"": 0.5, ""f1"": 0.24242424242424243}","{""precision"": 0.375, ""recall"": 0.75, ""f1"": 0.5}","{""precision"": 0.375, ""recall"": 0.75, ""f1"": 0.5}"
NCT02214186,"{""precision"": 0.4, ""recall"": 0.5, ""f1"": 0.4444444444444445}","{""precision"": 0.5, ""recall"": 0.5625, ""f1"": 0.5294117647058824}","{""precision"": 0.4, ""recall"": 0.5, ""f1"": 0.4444444444444445}","{""precision"": 0.38461538461538464, ""recall"": 0.3125, ""f1"": 0.3448275862068966}"
NCT02278471,"{""precision"": 0.4117647058823529, ""recall"": 0.5384615384615384, ""f1"": 0.4666666666666667}","{""precision"": 0.36363636363636365, ""recall"": 0.6153846153846154, ""f1"": 0.4571428571428572}","{""precision"": 0.3888888888888889, ""recall"": 0.5384615384615384, ""f1"": 0.45161290322580644}","{""precision"": 0.5, ""recall"": 0.6153846153846154, ""f1"": 0.5517241379310345}"
NCT02342639,"{""precision"": 0.26666666666666666, ""recall"": 0.26666666666666666, ""f1"": 0.26666666666666666}","{""precision"": 0.25, ""recall"": 0.26666666666666666, ""f1"": 0.2580645161290323}","{""precision"": 0.3333333333333333, ""recall"": 0.3333333333333333, ""f1"": 0.3333333333333333}","{""precision"": 0.2857142857142857, ""recall"": 0.4, ""f1"": 0.3333333333333333}"
NCT02358668,"{""precision"": 0.38095238095238093, ""recall"": 0.27586206896551724, ""f1"": 0.32}","{""precision"": 0.6, ""recall"": 0.3103448275862069, ""f1"": 0.4090909090909091}","{""precision"": 0.6470588235294118, ""recall"": 0.3793103448275862, ""f1"": 0.4782608695652174}","{""precision"": 0.625, ""recall"": 0.3448275862068966, ""f1"": 0.4444444444444445}"
NCT02409329,"{""precision"": 0.38095238095238093, ""recall"": 0.27586206896551724, ""f1"": 0.32}","{""precision"": 0.42105263157894735, ""recall"": 0.27586206896551724, ""f1"": 0.3333333333333333}","{""precision"": 0.42105263157894735, ""recall"": 0.27586206896551724, ""f1"": 0.3333333333333333}","{""precision"": 0.3684210526315789, ""recall"": 0.2413793103448276, ""f1"": 0.2916666666666667}"
NCT02437084,"{""precision"": 0.21428571428571427, ""recall"": 0.3, ""f1"": 0.25}","{""precision"": 0.15, ""recall"": 0.3, ""f1"": 0.2}","{""precision"": 0.23076923076923078, ""recall"": 0.3, ""f1"": 0.2608695652173913}","{""precision"": 0.2777777777777778, ""recall"": 0.5, ""f1"": 0.35714285714285715}"
NCT02473926,"{""precision"": 0.3157894736842105, ""recall"": 0.375, ""f1"": 0.34285714285714286}","{""precision"": 0.3157894736842105, ""recall"": 0.375, ""f1"": 0.34285714285714286}","{""precision"": 0.3333333333333333, ""recall"": 0.375, ""f1"": 0.35294117647058826}","{""precision"": 0.4117647058823529, ""recall"": 0.4375, ""f1"": 0.42424242424242425}"
NCT02531035,"{""precision"": 0.5, ""recall"": 0.3333333333333333, ""f1"": 0.4}","{""precision"": 0.5294117647058824, ""recall"": 0.6, ""f1"": 0.5625}","{""precision"": 0.46153846153846156, ""recall"": 0.4, ""f1"": 0.42857142857142855}","{""precision"": 0.5333333333333333, ""recall"": 0.5333333333333333, ""f1"": 0.5333333333333333}"
NCT02572882,"{""precision"": 0.23076923076923078, ""recall"": 0.42857142857142855, ""f1"": 0.3}","{""precision"": 0.25, ""recall"": 0.7142857142857143, ""f1"": 0.37037037037037035}","{""precision"": 0.2777777777777778, ""recall"": 0.7142857142857143, ""f1"": 0.4}","{""precision"": 0.3125, ""recall"": 0.7142857142857143, ""f1"": 0.43478260869565216}"
NCT02592421,"{""precision"": 0.4, ""recall"": 0.5, ""f1"": 0.4444444444444445}","{""precision"": 0.4166666666666667, ""recall"": 0.625, ""f1"": 0.5}","{""precision"": 0.4166666666666667, ""recall"": 0.625, ""f1"": 0.5}","{""precision"": 0.35294117647058826, ""recall"": 0.75, ""f1"": 0.48}"
NCT02602496,"{""precision"": 0.2, ""recall"": 0.25, ""f1"": 0.22222222222222224}","{""precision"": 0.3333333333333333, ""recall"": 0.5, ""f1"": 0.4}","{""precision"": 0.23809523809523808, ""recall"": 0.625, ""f1"": 0.3448275862068965}","{""precision"": 0.3, ""recall"": 0.75, ""f1"": 0.4285714285714285}"
NCT02620774,"{""precision"": 0.25, ""recall"": 0.5, ""f1"": 0.3333333333333333}","{""precision"": 0.2, ""recall"": 0.375, ""f1"": 0.26086956521739135}","{""precision"": 0.4166666666666667, ""recall"": 0.625, ""f1"": 0.5}","{""precision"": 0.35714285714285715, ""recall"": 0.625, ""f1"": 0.45454545454545453}"
NCT02623348,"{""precision"": 0.21428571428571427, ""recall"": 0.15789473684210525, ""f1"": 0.18181818181818182}","{""precision"": 0.3684210526315789, ""recall"": 0.3684210526315789, ""f1"": 0.3684210526315789}","{""precision"": 0.42857142857142855, ""recall"": 0.3157894736842105, ""f1"": 0.36363636363636365}","{""precision"": 0.47368421052631576, ""recall"": 0.47368421052631576, ""f1"": 0.47368421052631576}"
NCT02643966,"{""precision"": 0.26666666666666666, ""recall"": 0.36363636363636365, ""f1"": 0.30769230769230765}","{""precision"": 0.4666666666666667, ""recall"": 0.6363636363636364, ""f1"": 0.5384615384615385}","{""precision"": 0.6363636363636364, ""recall"": 0.6363636363636364, ""f1"": 0.6363636363636364}","{""precision"": 0.6363636363636364, ""recall"": 0.6363636363636364, ""f1"": 0.6363636363636364}"
NCT02646982,"{""precision"": 0.32, ""recall"": 0.23529411764705882, ""f1"": 0.2711864406779661}","{""precision"": 0.6, ""recall"": 0.35294117647058826, ""f1"": 0.4444444444444445}","{""precision"": 0.5, ""recall"": 0.35294117647058826, ""f1"": 0.41379310344827586}","{""precision"": 0.45, ""recall"": 0.2647058823529412, ""f1"": 0.33333333333333337}"
NCT02680574,"{""precision"": 0.25, ""recall"": 0.4, ""f1"": 0.3076923076923077}","{""precision"": 0.25, ""recall"": 0.4, ""f1"": 0.3076923076923077}","{""precision"": 0.1875, ""recall"": 0.3, ""f1"": 0.23076923076923075}","{""precision"": 0.2222222222222222, ""recall"": 0.4, ""f1"": 0.2857142857142857}"
NCT02692040,"{""precision"": 0.21428571428571427, ""recall"": 0.42857142857142855, ""f1"": 0.2857142857142857}","{""precision"": 0.2, ""recall"": 0.42857142857142855, ""f1"": 0.27272727272727276}","{""precision"": 0.1875, ""recall"": 0.42857142857142855, ""f1"": 0.26086956521739124}","{""precision"": 0.2727272727272727, ""recall"": 0.8571428571428571, ""f1"": 0.41379310344827586}"
NCT02692560,"{""precision"": 0.3, ""recall"": 0.375, ""f1"": 0.33333333333333326}","{""precision"": 0.3157894736842105, ""recall"": 0.75, ""f1"": 0.44444444444444436}","{""precision"": 0.16666666666666666, ""recall"": 0.375, ""f1"": 0.23076923076923078}","{""precision"": 0.35, ""recall"": 0.875, ""f1"": 0.4999999999999999}"
NCT02698891,"{""precision"": 0.045454545454545456, ""recall"": 0.1, ""f1"": 0.06250000000000001}","{""precision"": 0.15789473684210525, ""recall"": 0.3, ""f1"": 0.20689655172413793}","{""precision"": 0.16666666666666666, ""recall"": 0.3, ""f1"": 0.21428571428571427}","{""precision"": 0.2222222222222222, ""recall"": 0.4, ""f1"": 0.2857142857142857}"
NCT02738086,"{""precision"": 0.19047619047619047, ""recall"": 0.4444444444444444, ""f1"": 0.26666666666666666}","{""precision"": 0.23529411764705882, ""recall"": 0.4444444444444444, ""f1"": 0.30769230769230765}","{""precision"": 0.2, ""recall"": 0.3333333333333333, ""f1"": 0.25}","{""precision"": 0.2631578947368421, ""recall"": 0.5555555555555556, ""f1"": 0.35714285714285715}"
NCT02776553,"{""precision"": 0.5294117647058824, ""recall"": 0.32142857142857145, ""f1"": 0.39999999999999997}","{""precision"": 0.6, ""recall"": 0.32142857142857145, ""f1"": 0.41860465116279066}","{""precision"": 0.5555555555555556, ""recall"": 0.35714285714285715, ""f1"": 0.43478260869565216}","{""precision"": 0.5263157894736842, ""recall"": 0.35714285714285715, ""f1"": 0.425531914893617}"
NCT02790437,"{""precision"": 0.18181818181818182, ""recall"": 0.2857142857142857, ""f1"": 0.2222222222222222}","{""precision"": 0.2, ""recall"": 0.2857142857142857, ""f1"": 0.23529411764705882}","{""precision"": 0.1875, ""recall"": 0.21428571428571427, ""f1"": 0.19999999999999998}","{""precision"": 0.21428571428571427, ""recall"": 0.21428571428571427, ""f1"": 0.21428571428571427}"
NCT02809183,"{""precision"": 0.4375, ""recall"": 0.5, ""f1"": 0.4666666666666667}","{""precision"": 0.35714285714285715, ""recall"": 0.35714285714285715, ""f1"": 0.35714285714285715}","{""precision"": 0.45454545454545453, ""recall"": 0.35714285714285715, ""f1"": 0.4}","{""precision"": 0.375, ""recall"": 0.42857142857142855, ""f1"": 0.39999999999999997}"
NCT02833857,"{""precision"": 0.26666666666666666, ""recall"": 0.2222222222222222, ""f1"": 0.2424242424242424}","{""precision"": 0.29411764705882354, ""recall"": 0.2777777777777778, ""f1"": 0.28571428571428575}","{""precision"": 0.3125, ""recall"": 0.2777777777777778, ""f1"": 0.29411764705882354}","{""precision"": 0.35714285714285715, ""recall"": 0.2777777777777778, ""f1"": 0.31250000000000006}"
NCT02834663,"{""precision"": 0.15384615384615385, ""recall"": 0.25, ""f1"": 0.1904761904761905}","{""precision"": 0.21428571428571427, ""recall"": 0.375, ""f1"": 0.2727272727272727}","{""precision"": 0.36363636363636365, ""recall"": 0.5, ""f1"": 0.4210526315789474}","{""precision"": 0.4166666666666667, ""recall"": 0.625, ""f1"": 0.5}"
NCT02836873,"{""precision"": 0.5, ""recall"": 0.4666666666666667, ""f1"": 0.4827586206896552}","{""precision"": 0.47058823529411764, ""recall"": 0.5333333333333333, ""f1"": 0.5}","{""precision"": 0.5714285714285714, ""recall"": 0.5333333333333333, ""f1"": 0.5517241379310344}","{""precision"": 0.7, ""recall"": 0.4666666666666667, ""f1"": 0.56}"
NCT02846779,"{""precision"": 0.2, ""recall"": 0.11538461538461539, ""f1"": 0.14634146341463417}","{""precision"": 0.2, ""recall"": 0.15384615384615385, ""f1"": 0.17391304347826086}","{""precision"": 0.2, ""recall"": 0.11538461538461539, ""f1"": 0.14634146341463417}","{""precision"": 0.23076923076923078, ""recall"": 0.11538461538461539, ""f1"": 0.15384615384615388}"
NCT02892149,"{""precision"": 0.35, ""recall"": 0.7777777777777778, ""f1"": 0.48275862068965514}","{""precision"": 0.3157894736842105, ""recall"": 0.6666666666666666, ""f1"": 0.42857142857142855}","{""precision"": 0.29411764705882354, ""recall"": 0.5555555555555556, ""f1"": 0.3846153846153846}","{""precision"": 0.4375, ""recall"": 0.7777777777777778, ""f1"": 0.56}"
NCT03014479,"{""precision"": 0.15789473684210525, ""recall"": 0.1875, ""f1"": 0.17142857142857143}","{""precision"": 0.5, ""recall"": 0.4375, ""f1"": 0.4666666666666667}","{""precision"": 0.3076923076923077, ""recall"": 0.25, ""f1"": 0.27586206896551724}","{""precision"": 0.35714285714285715, ""recall"": 0.3125, ""f1"": 0.3333333333333333}"
NCT03028948,"{""precision"": 0.3125, ""recall"": 0.45454545454545453, ""f1"": 0.3703703703703703}","{""precision"": 0.4166666666666667, ""recall"": 0.45454545454545453, ""f1"": 0.43478260869565216}","{""precision"": 0.2631578947368421, ""recall"": 0.45454545454545453, ""f1"": 0.3333333333333333}","{""precision"": 0.3125, ""recall"": 0.45454545454545453, ""f1"": 0.3703703703703703}"
NCT03141905,"{""precision"": 0.25, ""recall"": 0.3333333333333333, ""f1"": 0.28571428571428575}","{""precision"": 0.3684210526315789, ""recall"": 0.5833333333333334, ""f1"": 0.4516129032258065}","{""precision"": 0.3076923076923077, ""recall"": 0.3333333333333333, ""f1"": 0.32}","{""precision"": 0.2857142857142857, ""recall"": 0.3333333333333333, ""f1"": 0.30769230769230765}"
NCT03195140,"{""precision"": 0.3076923076923077, ""recall"": 0.3333333333333333, ""f1"": 0.32}","{""precision"": 0.3333333333333333, ""recall"": 0.5, ""f1"": 0.4}","{""precision"": 0.45454545454545453, ""recall"": 0.4166666666666667, ""f1"": 0.43478260869565216}","{""precision"": 0.5, ""recall"": 0.5833333333333334, ""f1"": 0.5384615384615384}"
NCT03210220,"{""precision"": 0.2, ""recall"": 0.6666666666666666, ""f1"": 0.30769230769230765}","{""precision"": 0.07142857142857142, ""recall"": 0.3333333333333333, ""f1"": 0.11764705882352941}","{""precision"": 0.25, ""recall"": 0.6666666666666666, ""f1"": 0.36363636363636365}","{""precision"": 0.1, ""recall"": 0.3333333333333333, ""f1"": 0.15384615384615383}"
NCT03223649,"{""precision"": 0.14814814814814814, ""recall"": 0.2222222222222222, ""f1"": 0.17777777777777776}","{""precision"": 0.3333333333333333, ""recall"": 0.2777777777777778, ""f1"": 0.303030303030303}","{""precision"": 0.36363636363636365, ""recall"": 0.2222222222222222, ""f1"": 0.27586206896551724}","{""precision"": 0.3333333333333333, ""recall"": 0.3333333333333333, ""f1"": 0.3333333333333333}"
NCT03242252,"{""precision"": 0.26666666666666666, ""recall"": 0.26666666666666666, ""f1"": 0.26666666666666666}","{""precision"": 0.3, ""recall"": 0.4, ""f1"": 0.34285714285714286}","{""precision"": 0.35714285714285715, ""recall"": 0.3333333333333333, ""f1"": 0.3448275862068965}","{""precision"": 0.42857142857142855, ""recall"": 0.4, ""f1"": 0.4137931034482759}"
NCT03322631,"{""precision"": 0.46153846153846156, ""recall"": 0.8571428571428571, ""f1"": 0.6}","{""precision"": 0.375, ""recall"": 0.8571428571428571, ""f1"": 0.5217391304347825}","{""precision"": 0.2857142857142857, ""recall"": 0.5714285714285714, ""f1"": 0.38095238095238093}","{""precision"": 0.42857142857142855, ""recall"": 0.8571428571428571, ""f1"": 0.5714285714285714}"
NCT03371108,"{""precision"": 0.2727272727272727, ""recall"": 0.5, ""f1"": 0.3529411764705882}","{""precision"": 0.4117647058823529, ""recall"": 0.5833333333333334, ""f1"": 0.4827586206896552}","{""precision"": 0.5384615384615384, ""recall"": 0.5833333333333334, ""f1"": 0.5599999999999999}","{""precision"": 0.3684210526315789, ""recall"": 0.5833333333333334, ""f1"": 0.4516129032258065}"
NCT03394027,"{""precision"": 0.11764705882352941, ""recall"": 0.3333333333333333, ""f1"": 0.1739130434782609}","{""precision"": 0.10526315789473684, ""recall"": 0.3333333333333333, ""f1"": 0.16}","{""precision"": 0.1111111111111111, ""recall"": 0.3333333333333333, ""f1"": 0.16666666666666666}","{""precision"": 0.08, ""recall"": 0.3333333333333333, ""f1"": 0.12903225806451613}"
NCT03546270,"{""precision"": 0.36363636363636365, ""recall"": 0.25, ""f1"": 0.2962962962962963}","{""precision"": 0.4, ""recall"": 0.25, ""f1"": 0.3076923076923077}","{""precision"": 0.3333333333333333, ""recall"": 0.25, ""f1"": 0.28571428571428575}","{""precision"": 0.3333333333333333, ""recall"": 0.25, ""f1"": 0.28571428571428575}"
NCT03674112,"{""precision"": 0.23076923076923078, ""recall"": 0.5454545454545454, ""f1"": 0.3243243243243243}","{""precision"": 0.3181818181818182, ""recall"": 0.6363636363636364, ""f1"": 0.4242424242424242}","{""precision"": 0.4666666666666667, ""recall"": 0.6363636363636364, ""f1"": 0.5384615384615385}","{""precision"": 0.42857142857142855, ""recall"": 0.5454545454545454, ""f1"": 0.4799999999999999}"
NCT03675360,"{""precision"": 0.5263157894736842, ""recall"": 0.43478260869565216, ""f1"": 0.47619047619047616}","{""precision"": 0.5, ""recall"": 0.391304347826087, ""f1"": 0.4390243902439025}","{""precision"": 0.4375, ""recall"": 0.30434782608695654, ""f1"": 0.358974358974359}","{""precision"": 0.7368421052631579, ""recall"": 0.6086956521739131, ""f1"": 0.6666666666666666}"
NCT03708770,"{""precision"": 0.08, ""recall"": 0.2, ""f1"": 0.11428571428571428}","{""precision"": 0.25, ""recall"": 0.4, ""f1"": 0.3076923076923077}","{""precision"": 0.21052631578947367, ""recall"": 0.4, ""f1"": 0.27586206896551724}","{""precision"": 0.2857142857142857, ""recall"": 0.4, ""f1"": 0.3333333333333333}"
NCT03890588,"{""precision"": 0.21052631578947367, ""recall"": 0.4, ""f1"": 0.27586206896551724}","{""precision"": 0.3333333333333333, ""recall"": 0.6, ""f1"": 0.42857142857142855}","{""precision"": 0.29411764705882354, ""recall"": 0.5, ""f1"": 0.37037037037037035}","{""precision"": 0.4375, ""recall"": 0.7, ""f1"": 0.5384615384615384}"
NCT03987919,"{""precision"": 0.5, ""recall"": 0.6428571428571429, ""f1"": 0.5625000000000001}","{""precision"": 0.4117647058823529, ""recall"": 0.5, ""f1"": 0.45161290322580644}","{""precision"": 0.5, ""recall"": 0.5, ""f1"": 0.5}","{""precision"": 0.45, ""recall"": 0.6428571428571429, ""f1"": 0.5294117647058824}"
NCT04280783,nan,nan,nan,nan
NCT04392375,"{""precision"": 0.3125, ""recall"": 0.18518518518518517, ""f1"": 0.2325581395348837}","{""precision"": 0.29411764705882354, ""recall"": 0.18518518518518517, ""f1"": 0.22727272727272727}","{""precision"": 0.3888888888888889, ""recall"": 0.25925925925925924, ""f1"": 0.3111111111111111}","{""precision"": 0.25, ""recall"": 0.14814814814814814, ""f1"": 0.18604651162790697}"
NCT04823949,"{""precision"": 0.2, ""recall"": 0.36363636363636365, ""f1"": 0.25806451612903225}","{""precision"": 0.29411764705882354, ""recall"": 0.45454545454545453, ""f1"": 0.35714285714285715}","{""precision"": 0.2222222222222222, ""recall"": 0.36363636363636365, ""f1"": 0.27586206896551724}","{""precision"": 0.3125, ""recall"": 0.45454545454545453, ""f1"": 0.3703703703703703}"
